deploymentID,locationID,locationName,latitude,longitude,coordinateUncertainty,deploymentStart,deploymentEnd,setupBy,cameraID,cameraModel,cameraDelay,cameraHeight,cameraDepth,cameraTilt,cameraHeading,detectionDistance,timestampIssues,baitUse,featureType,habitat,deploymentGroups,deploymentTags,deploymentComments,trap_nights,raw_label,cam_label,treatment
0b526d60-29d5-48a7-a100-73d9c6d605b9,4244d6a5-6f0c-4e87-b479-235fb2b66e27,Bwindi - F09,-1.081549,29.811123,NA,2026-02-02T09:37:19Z,2026-03-14T07:24:55Z,NA,a66639be-77a2-4dbe-b69b-58dd6fc4c4f2,Reconyx-Hyperfire 2,0,NA,NA,NA,NA,NA,NA,NA,NA,NA,NA,NA,F09,39.908055555555556,F09,F09,Roadside
0bab06fb-e3d8-4af4-9fca-5c25f2d6cc3b,4a5a65e5-dee3-4254-b56b-eda8acd65e9c,Bwindi - C14,-1.09252,29.816466,NA,2026-02-03T11:58:29Z,2026-03-15T11:41:13Z,NA,89c6fa68-a332-49c7-94e1-d469c4cc5b3e,-,0,NA,NA,NA,NA,NA,NA,NA,NA,NA,NA,NA,C14,39.98800925925926,C14,C14,Interior
19142a34-9643-408c-a733-d0a727791ed3,86bbadd0-d351-496e-8f39-b5fe2416716e,Bwindi - F14 (105),-1.096807,29.805013,NA,2026-03-14T09:15:38Z,2026-03-14T10:16:01Z,NA,bcf9adb7-83b2-496f-a67d-00a7e7ceead8,Reconyx-Hyperfire 2,0,NA,NA,NA,NA,NA,NA,NA,NA,NA,NA,NA,F14,0.04193287037037037,F14 (105),F14,Roadside
198674ee-c82f-4418-8331-11efb99c8366,7b9034f7-b0ea-4c8f-9532-2ed9de728400,Bwindi - C09,-1.074645,29.81086,NA,2026-02-09T09:41:09Z,2026-03-20T09:28:07Z,NA,61d2fd45-b081-49a0-ad99-ab1a52e2533f,-,0,NA,NA,NA,NA,NA,NA,NA,NA,NA,NA,NA,C09,38.990949074074074,C09,C09,Interior
19b49c89-bf09-4610-b29b-78871fe2aa68,a8963749-91ad-4333-8329-d68c133f868f,Bwindi - F10,-1.083583,29.8104,NA,2026-02-02T11:50:20Z,2026-03-14T09:29:23Z,NA,6de191ba-c70e-4fe9-bc31-83f13fa29d54,Reconyx-Hyperfire 2,0,NA,NA,NA,NA,NA,NA,NA,NA,NA,NA,NA,NA,39.902118055555555,F10,F10,Roadside
257b2318-792c-45e7-8a19-603894584a98,3837ac35-50bd-40b3-94d0-967efde2e360,Bwindi - F13 (101),-1.093285,29.805872,NA,2026-02-02T12:59:19Z,2026-02-12T11:31:11Z,NA,319753b0-94d0-4e77-9e30-78b0f2db7ad2,Reconyx-Hyperfire 2,0,NA,NA,NA,NA,NA,NA,NA,NA,NA,NA,NA,NA,9.938796296296296,F13 (101),F13,Roadside
280cbc18-b11e-4c18-ad39-b2f0e1ca98fa,7e82c1fc-c518-4a19-8cd5-00b21afb608e,Bwindi - F05 (104),-1.068169,29.796316,NA,2026-03-15T08:32:22Z,2026-03-22T09:55:14Z,NA,49de4177-783b-4320-aa6e-38e6cb0dc51e,Reconyx-Hyperfire 2,0,NA,NA,NA,NA,NA,NA,NA,NA,NA,NA,NA,Infared didn't work so camera went back up for two weeks,7.057546296296296,F05 (104),F05,Roadside
2d8c50fe-ffc7-49b0-af83-8ce83ea21a52,4cf1e3d1-cbd4-4ec7-8731-fc32ade4bf8d,Bwindi - C02,-1.065993,29.77983,NA,2026-02-05T10:21:30Z,2026-03-17T09:30:03Z,NA,0dfa6d83-5683-40dd-9f0a-d3ea4b45771c,Recoynx-Hyperfire 2,0,NA,NA,NA,NA,NA,NA,NA,NA,NA,NA,NA,C02,39.96427083333333,C02,C02,Interior
320a106c-5d28-4214-8b52-0f58a45f5671,b293d5d6-f1e6-4dbe-ad20-3e6a42d74262,Bwindi - C18,-1.072496,29.791403,NA,2026-02-09T11:38:55Z,2026-03-19T11:15:02Z,NA,a972cc52-68db-47d0-99ea-13558a969b12,-,0,NA,NA,NA,NA,NA,NA,NA,NA,NA,NA,NA,NA,37.98341435185185,C18,C18,Interior
3909dfe8-2e4e-4dd5-b5c5-ab3c3d7e3fc7,a34c6b64-6ba3-4a5d-a260-b8249ae356d2,Bwindi - C12,-1.057845,29.770088,NA,2026-02-04T11:44:33Z,2026-03-16T10:06:57Z,NA,8d8b230d-4982-4d18-9dfa-03a213c562fd,Recoynx-Hyperfire 2,0,NA,NA,NA,NA,NA,NA,NA,NA,NA,NA,NA,C12,39.93222222222222,C12,C12,Interior
43c5f10d-2e1d-4eee-a06c-dac2d34b4c30,1f3c9c92-a772-4ed8-b576-da46cf9877d0,Bwindi - C16,-1.055257,29.772001,NA,2026-02-04T10:54:11Z,2026-03-16T09:29:44Z,NA,e2d1c1c5-e66e-427e-ba0d-940092d83a84,-,0,NA,NA,NA,NA,NA,NA,NA,NA,NA,NA,NA,C16,39.94135416666666,C16,C16,Interior
441f22a0-cc7c-4161-b51c-6671d370dc66,362a03cc-4e5d-4c78-bde1-7fd72a4d3789,Bwindi - F17 (105),-1.100515,29.811725,NA,2026-03-12T16:09:52Z,2026-03-14T10:44:46Z,NA,06aed461-4063-4ff3-be18-13f31751fa9f,Reconyx-Hyperfire 2,0,NA,NA,NA,NA,NA,NA,NA,NA,NA,NA,NA,NA,1.7742361111111111,F17 (105),F17,Roadside
45d1d16a-5046-4ca4-a938-d78de04792c2,c9418603-1919-4f6e-99fe-e964096945a6,Bwindi - F08,-1.078647,29.808081,NA,2026-02-02T11:20:01Z,2026-03-14T09:16:48Z,NA,4ec01e97-2f68-4b49-8187-be85e4ff2909,-,0,NA,NA,NA,NA,NA,NA,NA,NA,NA,NA,NA,F08,39.91443287037037,F08,F08,Roadside
49682ba6-c663-4991-8098-b916dd54217a,17b9fa8d-ca41-4f3f-bcbb-1118963713af,Bwindi - F13 (103),-1.093285,29.805872,NA,2026-02-23T17:49:06Z,2026-03-08T21:39:53Z,NA,319753b0-94d0-4e77-9e30-78b0f2db7ad2,Reconyx-Hyperfire 2,0,NA,NA,NA,NA,NA,NA,NA,NA,NA,NA,NA,NA,13.160266203703705,F13 (103),F13,Roadside
4ddffced-8370-46da-bd92-0e826ef369ab,156c5066-4200-4086-b871-baf23fbc8220,Bwindi - C15,-1.053631,29.774588,NA,2026-02-04T09:54:00Z,2026-03-16T08:59:55Z,NA,222c4485-51ff-4448-8c80-6045fd2ccd97,Recoynx-Hyperfire 2,0,NA,NA,NA,NA,NA,NA,NA,NA,NA,NA,NA,C15,39.96244212962963,C15,C15,Interior
4f73c34a-92c9-4b49-8257-ce6975d1c5b7,27fe7132-5170-45cb-940c-36ae018210ca,Bwindi - F11 (102),-1.088194,29.81106,NA,2026-02-12T11:02:02Z,2026-02-22T17:31:29Z,NA,f4cef494-70a9-40c9-82e6-7952205e6879,Reconyx-Hyperfire 2,0,NA,NA,NA,NA,NA,NA,NA,NA,NA,NA,NA,NA,10.270451388888889,F11 (102),F11,Roadside
5741b4a9-976c-4fe5-b62f-14175299d922,bbe0f334-87f3-41af-ab91-d939ca444135,Bwindi - F07,-1.074679,29.801967,NA,2026-02-02T11:00:05Z,2026-03-14T09:09:35Z,NA,29dba7bc-d89a-4dc4-a3cd-bd1193b86c00,Reconyx-Hyperfire 2,0,NA,NA,NA,NA,NA,NA,NA,NA,NA,NA,NA,F07,39.92326388888889,F07,F07,Roadside
5875b02c-530c-4747-af7e-0340b38563b9,3496626a-ed38-4b42-ab18-37324c65f506,Bwindi - F05 (106),-1.068169,29.796316,NA,2026-03-29T09:25:37Z,2026-03-29T14:11:34Z,NA,49de4177-783b-4320-aa6e-38e6cb0dc51e,Reconyx-Hyperfire 2,0,NA,NA,NA,NA,NA,NA,NA,NA,NA,NA,NA,IR did not work for first deployment,0.1985763888888889,F05 (106),F05,Roadside
5cfd4176-28ff-4503-9c34-ebe83704b229,76ba8dad-475b-4179-8097-64c27f90b2ef,Bwindi - F02,-1.062244,29.781895,NA,2026-02-02T09:18:22Z,2026-03-14T08:42:32Z,NA,89f2f231-0b37-4584-8da0-24fd207886a8,Reconyx-Hyperfire 2,0,NA,NA,NA,NA,NA,NA,NA,NA,NA,NA,NA,F02,39.97511574074074,F02,F02,Roadside
5ff2a2bd-d097-4753-a856-9cc6606729ae,49f10243-86c3-4028-aeec-20bb1ddf1f66,Bwindi - F15 (101),-1.097717,29.807793,NA,2026-02-02T13:45:22Z,2026-02-10T16:28:47Z,NA,29f92959-24b9-4f09-8e41-a4d72a9e0ac7,Reconyx-Hyperfire 2,0,NA,NA,NA,NA,NA,NA,NA,NA,NA,NA,NA,NA,8.113483796296297,F15 (101),F15,Roadside
60955ba1-c274-4f00-ba34-871cff1abe94,82559c7d-f83f-4956-92b2-6695149a71a1,Bwindi - C13,-1.067256,29.774903,NA,2026-02-06T09:27:15Z,2026-03-17T17:46:58Z,NA,e7d686c1-2412-4fb8-9210-1b4495204ab9,-,0,NA,NA,NA,NA,NA,NA,NA,NA,NA,NA,NA,C13,39.34702546296296,C13,C13,Interior
610a423f-ecd4-443b-9f44-b4030abf55f4,2a740bf2-4625-41c6-a172-d52af9ff6ae5,Bwindi - F17 (101),-1.100515,29.811725,NA,2026-02-03T08:58:04Z,2026-02-11T10:43:06Z,NA,bcf9adb7-83b2-496f-a67d-00a7e7ceead8,Reconyx-Hyperfire 2,0,NA,NA,NA,NA,NA,NA,NA,NA,NA,NA,NA,NA,8.072939814814815,F17 (101),F17,Roadside
6a09b898-9cf1-4e13-b96a-741a7c17b633,974a98a9-2ab6-4752-aece-fd0fdafe6e16,Bwindi - C10,-1.071112,29.81086,NA,2026-02-05T12:28:47Z,2026-03-17T10:43:01Z,NA,7d7bad65-2044-427f-a015-0ce5cf994c63,-,0,NA,NA,NA,NA,NA,NA,NA,NA,NA,NA,NA,C10,39.92655092592592,C10,C10,Interior
74f5b611-9775-44be-9515-472617f48698,31375174-212d-45d3-90a3-878a8abad557,Bwindi - F11 (103),-1.088194,29.81106,NA,2026-02-22T17:31:29Z,2026-03-08T10:56:13Z,NA,f4cef494-70a9-40c9-82e6-7952205e6879,Reconyx-Hyperfire 2,0,NA,NA,NA,NA,NA,NA,NA,NA,NA,NA,NA,NA,13.72550925925926,F11 (103),F11,Roadside
76e7ca04-d64c-4c10-885c-bc8233feece0,08c705d8-cba4-4633-af0e-92d58005b0fe,Bwindi - F17 (104),-1.100515,29.811725,NA,2026-03-02T09:43:39Z,2026-03-12T16:09:51Z,NA,06aed461-4063-4ff3-be18-13f31751fa9f,Reconyx-Hyperfire 2,0,NA,NA,NA,NA,NA,NA,NA,NA,NA,NA,NA,NA,10.268194444444445,F17 (104),F17,Roadside
79133ffe-f536-4e2d-b490-609c42be915e,8a2c7352-4af8-4752-bb07-ea1f157a7657,Bwindi - F06,-1.070451,29.800982,NA,2026-02-02T10:43:02Z,2026-03-14T09:05:28Z,NA,2ddd3c02-1d95-4dd3-ba93-bbbbce0e04fd,Reconyx-Hyperfire 2,0,NA,NA,NA,NA,NA,NA,NA,NA,NA,NA,NA,NA,39.93224537037037,F06,F06,Roadside
791b4fe2-4d1b-439f-b89e-9d5e4b7ec642,6353b823-407f-4070-9883-1bf00e37f85b,Bwindi - F05 (105),-1.068169,29.796316,NA,2026-03-22T09:55:15Z,2026-03-29T10:23:36Z,NA,NA,NA,0,NA,NA,NA,NA,NA,NA,NA,NA,NA,NA,NA,NA,7.0196875,F05 (105),F05,Roadside
7d10cd87-f624-4db7-b73d-10ec4998d38a,b1756051-2291-463c-a393-bd30d16e86b8,Bwindi - F17 (103),-1.100515,29.811725,NA,2026-02-19T19:24:07Z,2026-03-02T09:43:38Z,NA,06aed461-4063-4ff3-be18-13f31751fa9f,Reconyx-Hyperfire 2,0,NA,NA,NA,NA,NA,NA,NA,NA,NA,NA,NA,NA,10.596886574074073,F17 (103),F17,Roadside
80baf29f-287e-455c-b8a9-9a18a201349d,fd372860-acb9-4f15-81f8-aa18fa903dae,Bwindi - C04,-1.076429,29.796595,NA,2026-02-08T11:17:29Z,2026-03-20T11:08:41Z,NA,c9755b64-240f-4abc-8b64-87f29f416a0e,-,0,NA,NA,NA,NA,NA,NA,NA,NA,NA,NA,NA,C04,39.99388888888889,C04,C04,Interior
8858fbc8-5ddf-44ae-9e27-4faa86c5d3ce,5800e78d-44f3-4b6c-a9f5-92029145f647,Bwindi - F18 (103),-1.101838,29.807666,NA,2026-03-04T12:26:27Z,2026-03-09T11:21:52Z,NA,464b2e68-3d11-475a-8bc8-9bc925bd39c8,Reconyx-Hyperfire 2,0,NA,NA,NA,NA,NA,NA,NA,NA,NA,NA,NA,103 - 0001 - 2000,4.955150462962963,F18 (103),F18,Roadside
8c2298c5-d51f-471e-b6a8-699aaa8353ce,39660cd1-abf5-475b-8ecb-06866195a23d,Bwindi - F12 (100),-1.091511,29.80931,NA,2026-02-02T12:47:29Z,2026-02-11T06:34:04Z,NA,58489fd3-72ec-4f21-8370-8b3d0731b8ac,Reconyx-Hyperfire 2,0,NA,NA,NA,NA,NA,NA,NA,NA,NA,NA,NA,NA,8.740682870370371,F12 (100),F12,Roadside
8e99f2fd-344e-4fab-8d04-a5051313d22c,77874f21-73b3-4fa4-92bf-28217dbb93f5,Bwindi - F11 (104),-1.088194,29.81106,NA,2026-03-08T10:56:13Z,2026-03-14T07:40:13Z,NA,f4cef494-70a9-40c9-82e6-7952205e6879,Reconyx-Hyperfire 2,0,NA,NA,NA,NA,NA,NA,NA,NA,NA,NA,NA,NA,5.863888888888889,F11 (104),F11,Roadside
8f0a3c84-ee5c-4448-850e-294e9438ec86,bee3cd1c-f489-40eb-b69c-d19fafc03220,Bwindi - F03,-1.053492,29.779801,NA,2026-02-02T10:01:31Z,2026-03-14T08:47:41Z,NA,2095a066-0d8b-4e84-bfc1-321e0574a764,Reconyx-Hyperfire2,0,NA,NA,NA,NA,NA,NA,NA,NA,NA,NA,NA,NA,39.94872685185185,F03,F03,Roadside
9044d235-9ef1-4f96-9232-80eeed52743a,cd2e6180-27c6-4b10-a34a-9fac256e4f30,Bwindi - F18 (102),-1.101838,29.807666,NA,2026-02-17T07:54:04Z,2026-03-04T12:26:26Z,NA,464b2e68-3d11-475a-8bc8-9bc925bd39c8,Reconyx-Hyperfire 2,0,NA,NA,NA,NA,NA,NA,NA,NA,NA,NA,NA,NA,15.189143518518518,F18 (102),F18,Roadside
9745f3c6-b6a2-4d9b-8fba-9e29407b28b0,ab25b45d-ee78-4d8f-9477-e74862212d07,Bwindi - F12 (103),-1.091511,29.80931,NA,2026-02-25T11:41:46Z,2026-03-04T21:15:28Z,NA,58489fd3-72ec-4f21-8370-8b3d0731b8ac,Reconyx-Hyperfire 2,0,NA,NA,NA,NA,NA,NA,NA,NA,NA,NA,NA,NA,7.398402777777778,F12 (103),F12,Roadside
9c304640-c022-44f4-9761-db71af3515d5,cb6e7f04-160a-4d28-bb27-174bfa3ac704,Bwindi - C03,-1.071353,29.80508,NA,2026-02-07T10:23:18Z,2026-03-19T09:43:41Z,NA,ffc7b8f3-75a3-4a32-8a69-e19fbf52312b,-,0,NA,NA,NA,NA,NA,NA,NA,NA,NA,NA,NA,C03,39.972488425925924,C03,C03,Interior
9e6cfd78-c079-412f-af13-be8b3c4151e0,bd0c21c9-aecd-497f-a5c7-5626217e715a,Bwindi - F14 (104),-1.096807,29.805013,NA,2026-03-04T07:55:01Z,2026-03-14T09:15:37Z,NA,bcf9adb7-83b2-496f-a67d-00a7e7ceead8,Reconyx-Hyperfire 2,0,NA,NA,NA,NA,NA,NA,NA,NA,NA,NA,NA,NA,10.055972222222222,F14 (104),F14,Roadside
a3781120-8246-46f1-b114-3ed223d68b83,94bd9abe-a3d9-4617-8e8f-0525ab7a97a1,Bwindi - F15 (105),-1.097717,29.807793,NA,2026-03-10T13:46:23Z,2026-03-14T10:31:44Z,NA,29f92959-24b9-4f09-8e41-a4d72a9e0ac7,Reconyx-Hyperfire 2,0,NA,NA,NA,NA,NA,NA,NA,NA,NA,NA,NA,NA,3.864826388888889,F15 (105),F15,Roadside
a669f33f-a122-4d01-9ac2-eea2ed5419dd,9eff1fa7-efbc-4136-bde7-d87024f735d4,Bwindi - F14 (101),-1.096807,29.805013,NA,2026-02-02T13:20:38Z,2026-02-11T14:16:30Z,NA,bcf9adb7-83b2-496f-a67d-00a7e7ceead8,Reconyx-Hyperfire 2,0,NA,NA,NA,NA,NA,NA,NA,NA,NA,NA,NA,F14,9.038796296296296,F14 (101),F14,Roadside
af18f95d-2346-43ce-986a-d816832b9997,137f3e0a-da11-4c39-8b84-3a32e65449fd,Bwindi - F17 (102),-1.100515,29.811725,NA,2026-02-11T10:43:06Z,2026-02-19T19:24:06Z,NA,06aed461-4063-4ff3-be18-13f31751fa9f,Reconyx-Hyperfire 2,0,NA,NA,NA,NA,NA,NA,NA,NA,NA,NA,NA,NA,8.361805555555556,F17 (102),F17,Roadside
afcca92b-dffb-4b50-a3cb-6695264e044c,a78e397b-5cb0-45a8-8af0-5e8b89fb7cd2,Bwindi - C05,-1.062826,29.776793,NA,2026-02-05T09:11:05Z,2026-03-17T08:52:16Z,NA,e1067c36-f392-4ca9-893a-1bc5e67103f3,Reconyx-Hyperfire 2,0,NA,NA,NA,NA,NA,NA,NA,NA,NA,NA,NA,C05,39.98693287037037,C05,C05,Interior
b22bebfe-a076-4f6a-8f34-4a8b7068418b,abba6e06-5f66-4bf2-a7a1-186b94fd4a22,Bwindi - F01,-1.053492,29.779081,NA,2026-02-02T08:46:04Z,2026-03-14T08:29:41Z,NA,NA,NA,0,NA,NA,NA,NA,NA,NA,NA,NA,NA,NA,NA,F01,39.988622685185184,F01,F01,Roadside
bdd39db7-6e48-41ca-9a4b-0e9d834a7d0f,9320a541-0a06-4ad2-b1e9-47bbb0b6d3ad,Bwindi - C08,-1.070238,29.7810169,NA,2026-02-05T11:18:34Z,2026-03-17T10:06:13Z,NA,NA,NA,0,NA,NA,NA,NA,NA,NA,NA,NA,NA,NA,NA,NA,39.949756944444445,C08,C08,Interior
c083fc25-275f-4c81-aa53-b373a3cf90b4,03a96848-e86c-45b9-a0d0-ca17e30a7dae,Bwindi - F18 (104),-1.101838,29.807666,NA,2026-03-09T11:21:53Z,2026-03-14T10:52:40Z,NA,NA,NA,0,NA,NA,NA,NA,NA,NA,NA,NA,NA,NA,NA,NA,4.979710648148148,F18 (104),F18,Roadside
c3548e48-d55e-4d29-9bf2-fc65abf138bc,a7e028fe-363e-4cd4-b205-71b4eb86915f,Bwindi - F12 (101),-1.091511,29.80931,NA,2026-02-11T06:34:05Z,2026-02-16T13:21:45Z,NA,58489fd3-72ec-4f21-8370-8b3d0731b8ac,Reconyx-Hyperfire 2,0,NA,NA,NA,NA,NA,NA,NA,NA,NA,NA,NA,******* F12 101 - upload ************,5.2831018518518515,F12 (101),F12,Roadside
c51752d4-ef4a-4e1f-a0f8-58d08e91e200,ae01784c-8f4c-4768-9938-726c8ccd8525,Bwindi - C11,-1.078241,29.79838,NA,2026-02-08T10:02:50Z,2026-03-20T10:39:48Z,NA,5d38b00e-7c47-400e-89b3-34470769dc89,-,0,NA,NA,NA,NA,NA,NA,NA,NA,NA,NA,NA,NA,40.025671296296295,C11,C11,Interior
c76cb140-ff28-49ab-bc7d-6983790514ff,5d3b3964-a073-4d5e-a78b-27822d5481ef,Bwindi - F12 (102),-1.091511,29.80931,NA,2026-02-16T13:21:46Z,2026-02-25T11:41:45Z,NA,58489fd3-72ec-4f21-8370-8b3d0731b8ac,Reconyx-Hyperfire 2,0,NA,NA,NA,NA,NA,NA,NA,NA,NA,NA,NA,NA,8.930543981481481,F12 (102),F12,Roadside
ccc5b855-5c7e-441e-a62d-a89f70c721c8,e8e356a5-c336-4c30-b047-7ac3c8ba5372,Bwindi - C06,-1.068218,29.80489,NA,2026-02-07T09:28:59Z,2026-03-15T13:47:38Z,NA,48b91087-d9f5-43c3-842b-cbba83d62f8e,-,0,NA,NA,NA,NA,NA,NA,NA,NA,NA,NA,NA,C06,36.17961805555556,C06,C06,Interior
cd45c85f-ba24-4d1b-a632-67b6d9f46d78,a5946ad7-fa4d-4549-811f-ceafecfcbe28,Bwindi - F15 (102),-1.097717,29.807793,NA,2026-02-10T16:28:48Z,2026-02-18T14:33:55Z,NA,29f92959-24b9-4f09-8e41-a4d72a9e0ac7,Reconyx-Hyperfire 2,0,NA,NA,NA,NA,NA,NA,NA,NA,NA,NA,NA,NA,7.920219907407407,F15 (102),F15,Roadside
ce630e7f-e5a2-4c55-b5ae-e70daf12224a,33ab4328-10aa-4394-af3b-a3f797d2ddad,Bwindi - F16,-1.097712,29.812039,NA,2026-02-02T14:00:19Z,2026-03-14T10:37:36Z,NA,ee2ccfde-cd1d-4981-9a60-3ae9e440e7b9,Reconyx-Hyperfire 2,0,NA,NA,NA,NA,NA,NA,NA,NA,NA,NA,NA,F16,39.859224537037036,F16,F16,Roadside
d2060b9b-30df-4bd7-bab9-359475b5f1b8,9c02d61f-aed0-4792-ae51-72b92483cca8,Bwindi - C01,-1.08886,29.815651,NA,2026-02-03T13:43:34Z,2026-03-15T09:42:44Z,NA,cbf1191b-540f-4afb-9fbb-da7d7fc59ec1,-,0,NA,NA,NA,NA,NA,NA,NA,NA,NA,NA,NA,NA,39.832754629629626,C01,C01,Interior
d4a78b77-942d-4946-b5dc-00a55f74250d,c5fc1364-254f-471b-832f-ae1d740dad5b,Bwindi - F18 (101),-1.101838,29.807666,NA,2026-02-03T09:15:47Z,2026-02-17T07:54:04Z,NA,464b2e68-3d11-475a-8bc8-9bc925bd39c8,Reconyx-Hyperfire 2,0,NA,NA,NA,NA,NA,NA,NA,NA,NA,NA,NA,NA,13.943252314814815,F18 (101),F18,Roadside
d93749f5-f775-4061-b6df-bd6cc2bf785e,e206da63-cb47-4b34-8c81-9d6a98362f97,Bwindi - F04,-1.067069,29.790166,NA,2026-02-02T10:05:13Z,2026-03-14T08:54:30Z,NA,1d59d71b-921b-486f-86f9-3617a9b1b0af,Reconyx-Hyperfire 2,0,NA,NA,NA,NA,NA,NA,NA,NA,NA,NA,NA,NA,39.950891203703705,F04,F04,Roadside
da1624fb-d6f0-46a2-a516-fca1df5e3e99,e3351357-f290-402b-a0b6-c05bdb2aedef,Bwindi - F11 (101),-1.088194,29.81106,NA,2026-02-02T10:14:04Z,2026-02-12T11:02:01Z,NA,f4cef494-70a9-40c9-82e6-7952205e6879,Reconyx-Hyperfire 2,0,NA,NA,NA,NA,NA,NA,NA,NA,NA,NA,NA,NA,10.03329861111111,F11 (101),F11,Roadside
dc2637dd-f3c4-45b8-a6d5-277d807bf2a0,d880caa5-aab8-4411-a5a0-bf24423b918f,Bwindi - F13 (104),-1.093285,29.805872,NA,2026-03-08T21:39:54Z,2026-03-14T10:09:14Z,NA,NA,NA,0,NA,NA,NA,NA,NA,NA,NA,NA,NA,NA,NA,NA,5.520370370370371,F13 (104),F13,Roadside
e43979de-3b9e-4053-83c2-c14e5becff1c,e020bdf2-411b-412b-96bf-497996e2c93e,Bwindi - F13 (102),-1.093285,29.805872,NA,2026-02-12T11:31:14Z,2026-02-23T17:48:05Z,NA,319753b0-94d0-4e77-9e30-78b0f2db7ad2,Reconyx-Hyperfire 2,0,NA,NA,NA,NA,NA,NA,NA,NA,NA,NA,NA,NA,11.26170138888889,F13 (102),F13,Roadside
e4d0d4aa-be15-4497-926c-fb6c3cd3bcea,e705800b-8c6b-4bb0-a1b3-a8e405112965,Bwindi - F14 (103),-1.096807,29.805013,NA,2026-02-20T15:47:07Z,2026-03-04T07:44:50Z,NA,bcf9adb7-83b2-496f-a67d-00a7e7ceead8,Reconyx-Hyperfire 2,0,NA,NA,NA,NA,NA,NA,NA,NA,NA,NA,NA,NA,11.665081018518519,F14 (103),F14,Roadside
ee451414-76bb-4b35-a430-4c5e71a78d8d,d3825c51-f66c-4284-9d84-a6900f9e8cf6,Bwindi - F14 (102),-1.096807,29.805013,NA,2026-02-11T14:25:33Z,2026-02-20T15:47:06Z,NA,bcf9adb7-83b2-496f-a67d-00a7e7ceead8,Reconyx-Hyperfire 2,0,NA,NA,NA,NA,NA,NA,NA,NA,NA,NA,NA,NA,9.056631944444444,F14 (102),F14,Roadside
f1a744d3-0ef6-4c9b-ba85-2765cbfb27aa,ce279206-9768-435a-bd0d-fbfae110416f,Bwindi - F15 (103),-1.097717,29.807793,NA,2026-02-18T14:33:56Z,2026-02-28T14:44:35Z,NA,NA,NA,0,NA,NA,NA,NA,NA,NA,NA,NA,NA,NA,NA,NA,10.007395833333334,F15 (103),F15,Roadside
f364584f-8673-4e85-8d0f-84447f4dda3b,dc6b3827-9e38-4090-8bd5-af109e0db178,Bwindi - C07,-1.080459,29.802535,NA,2026-02-08T09:22:12Z,2026-03-20T10:12:27Z,NA,6cbfb63d-2d1b-4922-a66e-d5b1ecddb0ba,-,0,NA,NA,NA,NA,NA,NA,NA,NA,NA,NA,NA,C07,40.03489583333333,C07,C07,Interior
fb2ba47f-9bd2-4e25-897f-ae514569af4e,6980e1a8-aef0-485e-8c3c-953c14a2fa9a,Bwindi - C17,-1.075999,29.769182,NA,2026-02-06T11:00:34Z,2026-03-18T10:37:12Z,NA,NA,NA,0,NA,NA,NA,NA,NA,NA,NA,NA,NA,NA,NA,NA,39.983773148148146,C17,C17,Interior
ffe7f1b6-f312-456d-a8f3-7d2c5a7c493c,775f8508-657b-4cc0-ba62-5eb87607fc46,Bwindi - F15 (104),-1.097717,29.807793,NA,2026-02-28T14:44:36Z,2026-03-10T13:44:46Z,NA,NA,NA,0,NA,NA,NA,NA,NA,NA,NA,NA,NA,NA,NA,NA,9.958449074074075,F15 (104),F15,Roadside
